music,tempo
14788.mp3,[80.74951172]
14950.mp3,[129.19921875]
14944.mp3,[112.34714674]
14978.mp3,[143.5546875]
14993.mp3,[129.19921875]
14987.mp3,[117.45383523]
14777.mp3,[80.74951172]
14763.mp3,[123.046875]
14549.mp3,[112.34714674]
14575.mp3,[89.10290948]
14561.mp3,[112.34714674]
14398.mp3,[117.45383523]
15045.mp3,[117.45383523]
14429.mp3,[151.99908088]
14401.mp3,[129.19921875]
14415.mp3,[151.99908088]
14824.mp3,[117.45383523]
14830.mp3,[80.74951172]
14818.mp3,[151.99908088]
14603.mp3,[117.45383523]
14617.mp3,[117.45383523]
14616.mp3,[123.046875]
14602.mp3,[117.45383523]
14819.mp3,[151.99908088]
14831.mp3,[80.74951172]
14825.mp3,[117.45383523]
14414.mp3,[151.99908088]
14400.mp3,[258.3984375]
14428.mp3,[151.99908088]
15044.mp3,[215.33203125]
14399.mp3,[184.5703125]
14560.mp3,[112.34714674]
14574.mp3,[89.10290948]
14548.mp3,[112.34714674]
14762.mp3,[92.28515625]
14776.mp3,[80.74951172]
14986.mp3,[117.45383523]
14992.mp3,[129.19921875]
14979.mp3,[143.5546875]
14945.mp3,[129.19921875]
14951.mp3,[129.19921875]
14789.mp3,[151.99908088]
14947.mp3,[129.19921875]
14953.mp3,[129.19921875]
14984.mp3,[143.5546875]
14990.mp3,[112.34714674]
14748.mp3,[123.046875]
14760.mp3,[172.265625]
14774.mp3,[80.74951172]
14589.mp3,[143.5546875]
14562.mp3,[112.34714674]
14576.mp3,[89.10290948]
14416.mp3,[151.99908088]
14402.mp3,[129.19921875]
14833.mp3,[80.74951172]
14827.mp3,[117.45383523]
14628.mp3,[161.49902344]
14614.mp3,[123.046875]
14600.mp3,[117.45383523]
14601.mp3,[117.45383523]
14615.mp3,[117.45383523]
14629.mp3,[161.49902344]
14826.mp3,[117.45383523]
14832.mp3,[80.74951172]
14403.mp3,[89.10290948]
14417.mp3,[151.99908088]
14577.mp3,[89.10290948]
14563.mp3,[143.5546875]
14588.mp3,[143.5546875]
14775.mp3,[80.74951172]
14761.mp3,[92.28515625]
14749.mp3,[123.046875]
14991.mp3,[92.28515625]
14985.mp3,[143.5546875]
14952.mp3,[129.19921875]
14946.mp3,[129.19921875]
14942.mp3,[112.34714674]
14956.mp3,[129.19921875]
14765.mp3,[123.046875]
14771.mp3,[80.74951172]
14981.mp3,[143.5546875]
14759.mp3,[135.99917763]
14995.mp3,[129.19921875]
14598.mp3,[117.45383523]
14567.mp3,[143.5546875]
14573.mp3,[143.5546875]
14413.mp3,[151.99908088]
14375.mp3,[161.49902344]
14407.mp3,[135.99917763]
15043.mp3,[215.33203125]
14836.mp3,[117.45383523]
14822.mp3,[161.49902344]
14611.mp3,[117.45383523]
14605.mp3,[117.45383523]
14639.mp3,[161.49902344]
14638.mp3,[161.49902344]
14604.mp3,[117.45383523]
14610.mp3,[117.45383523]
14823.mp3,[161.49902344]
14837.mp3,[117.45383523]
15042.mp3,[215.33203125]
14406.mp3,[135.99917763]
14412.mp3,[151.99908088]
14374.mp3,[161.49902344]
14572.mp3,[143.5546875]
14566.mp3,[151.99908088]
14599.mp3,[117.45383523]
14994.mp3,[129.19921875]
14758.mp3,[135.99917763]
14980.mp3,[143.5546875]
14770.mp3,[80.74951172]
14764.mp3,[123.046875]
14957.mp3,[129.19921875]
14943.mp3,[112.34714674]
14969.mp3,[143.5546875]
14955.mp3,[129.19921875]
14799.mp3,[151.99908088]
14941.mp3,[112.34714674]
14772.mp3,[80.74951172]
14766.mp3,[123.046875]
14996.mp3,[123.046875]
14982.mp3,[143.5546875]
14570.mp3,[143.5546875]
14564.mp3,[143.5546875]
14558.mp3,[112.34714674]
14389.mp3,[107.66601562]
14404.mp3,[135.99917763]
14376.mp3,[161.49902344]
14410.mp3,[135.99917763]
14438.mp3,[135.99917763]
15040.mp3,[117.45383523]
14809.mp3,[151.99908088]
14821.mp3,[161.49902344]
14835.mp3,[117.45383523]
14606.mp3,[117.45383523]
14612.mp3,[123.046875]
14613.mp3,[117.45383523]
14607.mp3,[117.45383523]
14834.mp3,[117.45383523]
14820.mp3,[151.99908088]
14808.mp3,[151.99908088]
14439.mp3,[135.99917763]
15041.mp3,[215.33203125]
14377.mp3,[80.74951172]
14411.mp3,[135.99917763]
14405.mp3,[135.99917763]
14388.mp3,[107.66601562]
14559.mp3,[112.34714674]
14565.mp3,[143.5546875]
14571.mp3,[143.5546875]
14983.mp3,[143.5546875]
14997.mp3,[123.046875]
14767.mp3,[123.046875]
14773.mp3,[80.74951172]
14940.mp3,[112.34714674]
14798.mp3,[151.99908088]
14954.mp3,[129.19921875]
14968.mp3,[143.5546875]
14933.mp3,[151.99908088]
14927.mp3,[151.99908088]
14728.mp3,[123.046875]
14714.mp3,[123.046875]
14700.mp3,[123.046875]
14516.mp3,[123.046875]
14502.mp3,[123.046875]
14489.mp3,[117.45383523]
15026.mp3,[184.5703125]
15032.mp3,[117.45383523]
14462.mp3,[117.45383523]
14476.mp3,[80.74951172]
14847.mp3,[135.99917763]
14853.mp3,[135.99917763]
14884.mp3,[80.74951172]
14648.mp3,[161.49902344]
14890.mp3,[123.046875]
14660.mp3,[86.1328125]
14674.mp3,[86.1328125]
14675.mp3,[86.1328125]
14661.mp3,[86.1328125]
14891.mp3,[63.02400915]
14649.mp3,[54.97839096]
14885.mp3,[123.046875]
14852.mp3,[135.99917763]
14846.mp3,[135.99917763]
14477.mp3,[123.046875]
14463.mp3,[117.45383523]
15033.mp3,[117.45383523]
15027.mp3,[184.5703125]
14488.mp3,[117.45383523]
14503.mp3,[123.046875]
14517.mp3,[123.046875]
14701.mp3,[123.046875]
14715.mp3,[123.046875]
14729.mp3,[123.046875]
14926.mp3,[151.99908088]
14932.mp3,[151.99908088]
14924.mp3,[123.046875]
14930.mp3,[151.99908088]
14918.mp3,[123.046875]
14703.mp3,[123.046875]
14717.mp3,[123.046875]
14529.mp3,[75.99954044]
14501.mp3,[123.046875]
14515.mp3,[123.046875]
14449.mp3,[135.99917763]
15031.mp3,[117.45383523]
15025.mp3,[184.5703125]
14475.mp3,[80.74951172]
15019.mp3,[184.5703125]
14461.mp3,[117.45383523]
14850.mp3,[135.99917763]
14688.mp3,[184.5703125]
14844.mp3,[135.99917763]
14878.mp3,[80.74951172]
14893.mp3,[123.046875]
14887.mp3,[123.046875]
14677.mp3,[86.1328125]
14663.mp3,[86.1328125]
14662.mp3,[86.1328125]
14676.mp3,[86.1328125]
14886.mp3,[123.046875]
14892.mp3,[123.046875]
14879.mp3,[80.74951172]
14845.mp3,[135.99917763]
14689.mp3,[71.77734375]
14851.mp3,[135.99917763]
15018.mp3,[184.5703125]
14460.mp3,[117.45383523]
14474.mp3,[80.74951172]
15024.mp3,[184.5703125]
14448.mp3,[135.99917763]
15030.mp3,[89.10290948]
14514.mp3,[123.046875]
14500.mp3,[123.046875]
14528.mp3,[73.828125]
14716.mp3,[123.046875]
14702.mp3,[123.046875]
14919.mp3,[123.046875]
14931.mp3,[151.99908088]
14925.mp3,[151.99908088]
14909.mp3,[123.046875]
14921.mp3,[123.046875]
14935.mp3,[151.99908088]
14706.mp3,[123.046875]
14712.mp3,[123.046875]
14504.mp3,[123.046875]
14510.mp3,[123.046875]
14538.mp3,[99.38401442]
15008.mp3,[184.5703125]
14470.mp3,[117.45383523]
14464.mp3,[117.45383523]
15034.mp3,[117.45383523]
14458.mp3,[123.046875]
15020.mp3,[184.5703125]
14869.mp3,[40.37475586]
14855.mp3,[107.66601562]
14841.mp3,[107.66601562]
14699.mp3,[123.046875]
14672.mp3,[86.1328125]
14666.mp3,[86.1328125]
14896.mp3,[123.046875]
14882.mp3,[80.74951172]
14897.mp3,[123.046875]
14667.mp3,[86.1328125]
14673.mp3,[86.1328125]
14698.mp3,[99.38401442]
14840.mp3,[117.45383523]
14854.mp3,[135.99917763]
14868.mp3,[161.49902344]
14459.mp3,[123.046875]
15021.mp3,[184.5703125]
15035.mp3,[117.45383523]
14465.mp3,[117.45383523]
15009.mp3,[89.10290948]
14471.mp3,[117.45383523]
14539.mp3,[151.99908088]
14511.mp3,[123.046875]
14505.mp3,[123.046875]
14713.mp3,[123.046875]
14707.mp3,[123.046875]
14934.mp3,[151.99908088]
14920.mp3,[123.046875]
14908.mp3,[123.046875]
14936.mp3,[151.99908088]
14922.mp3,[123.046875]
14711.mp3,[123.046875]
14705.mp3,[123.046875]
14739.mp3,[123.046875]
14513.mp3,[123.046875]
14507.mp3,[123.046875]
14498.mp3,[123.046875]
14467.mp3,[117.45383523]
14473.mp3,[123.046875]
15023.mp3,[89.10290948]
15037.mp3,[117.45383523]
14842.mp3,[107.66601562]
14856.mp3,[135.99917763]
14665.mp3,[86.1328125]
14671.mp3,[86.1328125]
14659.mp3,[161.49902344]
14881.mp3,[80.74951172]
14895.mp3,[123.046875]
14894.mp3,[123.046875]
14880.mp3,[80.74951172]
14658.mp3,[161.49902344]
14670.mp3,[86.1328125]
14664.mp3,[86.1328125]
14857.mp3,[135.99917763]
14843.mp3,[135.99917763]
15036.mp3,[117.45383523]
15022.mp3,[89.10290948]
14472.mp3,[123.046875]
14466.mp3,[117.45383523]
14499.mp3,[123.046875]
14506.mp3,[123.046875]
14512.mp3,[123.046875]
14738.mp3,[123.046875]
14704.mp3,[123.046875]
14710.mp3,[123.046875]
14923.mp3,[123.046875]
14937.mp3,[112.34714674]
14912.mp3,[123.046875]
14906.mp3,[123.046875]
14709.mp3,[123.046875]
14735.mp3,[123.046875]
14721.mp3,[123.046875]
14537.mp3,[99.38401442]
14523.mp3,[73.828125]
14480.mp3,[117.45383523]
14494.mp3,[80.74951172]
15007.mp3,[89.10290948]
15013.mp3,[184.5703125]
14443.mp3,[143.5546875]
14457.mp3,[135.99917763]
14866.mp3,[161.49902344]
14872.mp3,[161.49902344]
14682.mp3,[99.38401442]
14696.mp3,[99.38401442]
14669.mp3,[86.1328125]
14641.mp3,[161.49902344]
14899.mp3,[123.046875]
14655.mp3,[161.49902344]
14654.mp3,[161.49902344]
14898.mp3,[123.046875]
14640.mp3,[161.49902344]
14668.mp3,[86.1328125]
14697.mp3,[99.38401442]
14683.mp3,[99.38401442]
14873.mp3,[161.49902344]
14867.mp3,[39.75360577]
14456.mp3,[135.99917763]
14442.mp3,[135.99917763]
15012.mp3,[184.5703125]
15006.mp3,[151.99908088]
14495.mp3,[80.74951172]
14481.mp3,[117.45383523]
14522.mp3,[73.828125]
14536.mp3,[151.99908088]
14720.mp3,[123.046875]
14734.mp3,[123.046875]
14708.mp3,[123.046875]
14907.mp3,[123.046875]
14913.mp3,[123.046875]
14905.mp3,[123.046875]
14911.mp3,[123.046875]
14939.mp3,[151.99908088]
14722.mp3,[123.046875]
14736.mp3,[123.046875]
14508.mp3,[123.046875]
14520.mp3,[123.046875]
14534.mp3,[151.99908088]
14497.mp3,[123.046875]
14483.mp3,[123.046875]
14468.mp3,[117.45383523]
15010.mp3,[184.5703125]
15004.mp3,[99.38401442]
14454.mp3,[135.99917763]
15038.mp3,[117.45383523]
14440.mp3,[135.99917763]
14865.mp3,[184.5703125]
14695.mp3,[198.76802885]
14859.mp3,[107.66601562]
14681.mp3,[99.38401442]
14656.mp3,[161.49902344]
14642.mp3,[83.35433468]
14643.mp3,[161.49902344]
14657.mp3,[161.49902344]
14680.mp3,[99.38401442]
14858.mp3,[135.99917763]
14694.mp3,[198.76802885]
14864.mp3,[184.5703125]
14870.mp3,[40.37475586]
15039.mp3,[117.45383523]
14441.mp3,[135.99917763]
14455.mp3,[135.99917763]
15005.mp3,[89.10290948]
14469.mp3,[117.45383523]
15011.mp3,[89.10290948]
14482.mp3,[123.046875]
14496.mp3,[80.74951172]
14535.mp3,[151.99908088]
14521.mp3,[75.99954044]
14509.mp3,[123.046875]
14737.mp3,[123.046875]
14723.mp3,[123.046875]
14938.mp3,[112.34714674]
14910.mp3,[123.046875]
14904.mp3,[123.046875]
14928.mp3,[151.99908088]
14900.mp3,[83.35433468]
14914.mp3,[123.046875]
14727.mp3,[123.046875]
14733.mp3,[123.046875]
14525.mp3,[75.99954044]
14531.mp3,[75.99954044]
14519.mp3,[123.046875]
14492.mp3,[234.90767045]
14486.mp3,[123.046875]
15029.mp3,[184.5703125]
14451.mp3,[143.5546875]
14445.mp3,[135.99917763]
15015.mp3,[184.5703125]
14479.mp3,[117.45383523]
15001.mp3,[99.38401442]
14848.mp3,[135.99917763]
14690.mp3,[99.38401442]
14684.mp3,[99.38401442]
14874.mp3,[161.49902344]
14860.mp3,[107.66601562]
14653.mp3,[161.49902344]
14647.mp3,[161.49902344]
14646.mp3,[161.49902344]
14652.mp3,[83.35433468]
14861.mp3,[78.30255682]
14875.mp3,[80.74951172]
14685.mp3,[99.38401442]
14691.mp3,[198.76802885]
14849.mp3,[107.66601562]
14478.mp3,[123.046875]
15000.mp3,[123.046875]
15014.mp3,[184.5703125]
14444.mp3,[135.99917763]
15028.mp3,[184.5703125]
14450.mp3,[143.5546875]
14487.mp3,[117.45383523]
14493.mp3,[80.74951172]
14518.mp3,[123.046875]
14530.mp3,[75.99954044]
14524.mp3,[73.828125]
14732.mp3,[123.046875]
14726.mp3,[123.046875]
14915.mp3,[123.046875]
14901.mp3,[83.35433468]
14929.mp3,[151.99908088]
14917.mp3,[123.046875]
14903.mp3,[123.046875]
14730.mp3,[123.046875]
14724.mp3,[123.046875]
14718.mp3,[123.046875]
14532.mp3,[75.99954044]
14526.mp3,[151.99908088]
14485.mp3,[123.046875]
14491.mp3,[117.45383523]
14446.mp3,[143.5546875]
14452.mp3,[135.99917763]
15002.mp3,[151.99908088]
15016.mp3,[184.5703125]
14687.mp3,[66.25600962]
14693.mp3,[198.76802885]
14863.mp3,[184.5703125]
14644.mp3,[161.49902344]
14650.mp3,[83.35433468]
14888.mp3,[123.046875]
14678.mp3,[86.1328125]
14679.mp3,[86.1328125]
14651.mp3,[83.35433468]
14645.mp3,[161.49902344]
14876.mp3,[80.74951172]
14862.mp3,[78.30255682]
14692.mp3,[198.76802885]
14686.mp3,[99.38401442]
15017.mp3,[184.5703125]
15003.mp3,[151.99908088]
14453.mp3,[135.99917763]
14447.mp3,[135.99917763]
14490.mp3,[117.45383523]
14484.mp3,[123.046875]
14527.mp3,[151.99908088]
14533.mp3,[75.99954044]
14719.mp3,[123.046875]
14725.mp3,[83.35433468]
14731.mp3,[123.046875]
14902.mp3,[123.046875]
14916.mp3,[123.046875]
14971.mp3,[143.5546875]
14965.mp3,[129.19921875]
14795.mp3,[151.99908088]
14781.mp3,[80.74951172]
14959.mp3,[129.19921875]
14756.mp3,[117.45383523]
14742.mp3,[123.046875]
14597.mp3,[112.34714674]
14583.mp3,[107.66601562]
14568.mp3,[143.5546875]
14554.mp3,[112.34714674]
14540.mp3,[151.99908088]
14385.mp3,[107.66601562]
14391.mp3,[107.66601562]
14408.mp3,[135.99917763]
14420.mp3,[151.99908088]
14434.mp3,[135.99917763]
14805.mp3,[151.99908088]
14811.mp3,[151.99908088]
14839.mp3,[117.45383523]
14622.mp3,[86.1328125]
14636.mp3,[161.49902344]
14637.mp3,[161.49902344]
14623.mp3,[83.35433468]
14838.mp3,[117.45383523]
14810.mp3,[151.99908088]
14804.mp3,[151.99908088]
14435.mp3,[135.99917763]
14421.mp3,[151.99908088]
14409.mp3,[135.99917763]
14390.mp3,[107.66601562]
14384.mp3,[107.66601562]
14541.mp3,[112.34714674]
14555.mp3,[112.34714674]
14569.mp3,[143.5546875]
14582.mp3,[107.66601562]
14596.mp3,[112.34714674]
14743.mp3,[123.046875]
14757.mp3,[103.359375]
14958.mp3,[129.19921875]
14780.mp3,[80.74951172]
14794.mp3,[151.99908088]
14964.mp3,[129.19921875]
14970.mp3,[143.5546875]
14966.mp3,[143.5546875]
14972.mp3,[107.66601562]
14782.mp3,[80.74951172]
14796.mp3,[151.99908088]
14769.mp3,[80.74951172]
14999.mp3,[123.046875]
14741.mp3,[123.046875]
14755.mp3,[135.99917763]
14580.mp3,[143.5546875]
14594.mp3,[151.99908088]
14543.mp3,[112.34714674]
14557.mp3,[112.34714674]
14392.mp3,[107.66601562]
14386.mp3,[107.66601562]
14379.mp3,[80.74951172]
14437.mp3,[135.99917763]
14423.mp3,[151.99908088]
14812.mp3,[151.99908088]
14806.mp3,[151.99908088]
14609.mp3,[117.45383523]
14635.mp3,[161.49902344]
14621.mp3,[41.015625]
14620.mp3,[86.1328125]
14634.mp3,[161.49902344]
14608.mp3,[117.45383523]
14807.mp3,[151.99908088]
14813.mp3,[151.99908088]
14422.mp3,[151.99908088]
14436.mp3,[135.99917763]
14378.mp3,[80.74951172]
14387.mp3,[107.66601562]
14393.mp3,[135.99917763]
14556.mp3,[112.34714674]
14542.mp3,[112.34714674]
14595.mp3,[143.5546875]
14581.mp3,[89.10290948]
14754.mp3,[135.99917763]
14740.mp3,[123.046875]
14998.mp3,[123.046875]
14768.mp3,[123.046875]
14797.mp3,[151.99908088]
14783.mp3,[80.74951172]
14973.mp3,[73.828125]
14967.mp3,[143.5546875]
14787.mp3,[80.74951172]
14793.mp3,[151.99908088]
14963.mp3,[129.19921875]
14977.mp3,[143.5546875]
14744.mp3,[123.046875]
14988.mp3,[117.45383523]
14750.mp3,[161.49902344]
14778.mp3,[80.74951172]
14585.mp3,[112.34714674]
14591.mp3,[143.5546875]
14546.mp3,[112.34714674]
14552.mp3,[112.34714674]
14397.mp3,0.0
14383.mp3,[107.66601562]
14432.mp3,[135.99917763]
14426.mp3,[151.99908088]
14817.mp3,[151.99908088]
14803.mp3,[151.99908088]
14630.mp3,[161.49902344]
14624.mp3,[41.015625]
14618.mp3,[123.046875]
14619.mp3,[123.046875]
14625.mp3,[83.35433468]
14631.mp3,[161.49902344]
14802.mp3,[151.99908088]
14816.mp3,[151.99908088]
14427.mp3,[151.99908088]
14433.mp3,[135.99917763]
14382.mp3,[80.74951172]
14396.mp3,0.0
14553.mp3,[112.34714674]
14547.mp3,[112.34714674]
14590.mp3,[143.5546875]
14584.mp3,[112.34714674]
14779.mp3,[80.74951172]
14751.mp3,[161.49902344]
14989.mp3,[112.34714674]
14745.mp3,[123.046875]
14976.mp3,[143.5546875]
14962.mp3,[129.19921875]
14792.mp3,[151.99908088]
14786.mp3,[80.74951172]
14790.mp3,[151.99908088]
14948.mp3,[129.19921875]
14784.mp3,[80.74951172]
14974.mp3,[73.828125]
14960.mp3,[129.19921875]
14753.mp3,[161.49902344]
14747.mp3,[123.046875]
14592.mp3,[143.5546875]
14586.mp3,[143.5546875]
14551.mp3,[112.34714674]
14545.mp3,[112.34714674]
14579.mp3,[89.10290948]
14380.mp3,[161.49902344]
14394.mp3,[135.99917763]
14425.mp3,[151.99908088]
14431.mp3,[135.99917763]
14419.mp3,[151.99908088]
14828.mp3,[80.74951172]
14800.mp3,[151.99908088]
14814.mp3,[151.99908088]
14627.mp3,[41.015625]
14633.mp3,[161.49902344]
14632.mp3,[161.49902344]
14626.mp3,[83.35433468]
14815.mp3,[151.99908088]
14801.mp3,[151.99908088]
14829.mp3,[161.49902344]
14418.mp3,[151.99908088]
14430.mp3,[151.99908088]
14424.mp3,[151.99908088]
14395.mp3,[258.3984375]
14381.mp3,[78.30255682]
14578.mp3,[112.34714674]
14544.mp3,[112.34714674]
14550.mp3,[112.34714674]
14587.mp3,[73.828125]
14593.mp3,[143.5546875]
14746.mp3,[123.046875]
14752.mp3,[161.49902344]
14961.mp3,[129.19921875]
14975.mp3,[143.5546875]
14785.mp3,[80.74951172]
14949.mp3,[129.19921875]
14791.mp3,[151.99908088]
